textbox22,Textbox9,,,,,,,,,,,,,,,,,,,,
generated on 30/11/2020 03:57:24 UTC,Data from: All sites,,,,,,,,,,,,,,,,,,,,
,,,,,,,,,,,,,,,,,,,,,
Country,WHOREGION,FLUREGION,Year,Week,SDATE,EDATE,SPEC_RECEIVED_NB,SPEC_PROCESSED_NB,AH1,AH1N12009,AH3,AH5,ANOTSUBTYPED,INF_A,BYAMAGATA,BVICTORIA,BNOTDETERMINED,INF_B,ALL_INF,ALL_INF2,TITLE
United Kingdom of Great Britain and Northern Ireland,European Region of WHO,Northern Europe,2015,1,2014/12/29,2015/1/4,,1468,0,1,146,,162,309,1,0,5,6,315,,No Report
United Kingdom of Great Britain and Northern Ireland,European Region of WHO,Northern Europe,2015,2,2015/1/5,2015/1/11,,1635,0,6,291,,82,379,4,0,4,8,387,,No Report
United Kingdom of Great Britain and Northern Ireland,European Region of WHO,Northern Europe,2015,3,2015/1/12,2015/1/18,,1510,0,4,247,,82,333,2,0,8,10,343,,No Report
United Kingdom of Great Britain and Northern Ireland,European Region of WHO,Northern Europe,2015,4,2015/1/19,2015/1/25,,1531,0,6,272,,130,408,2,0,5,7,415,,No Report
United Kingdom of Great Britain and Northern Ireland,European Region of WHO,Northern Europe,2015,5,2015/1/26,2015/2/1,,1613,0,14,313,,100,427,5,0,10,15,442,,No Report
United Kingdom of Great Britain and Northern Ireland,European Region of WHO,Northern Europe,2015,6,2015/2/2,2015/2/8,,1545,0,9,306,,114,429,5,0,18,23,452,,No Report
United Kingdom of Great Britain and Northern Ireland,European Region of WHO,Northern Europe,2015,7,2015/2/9,2015/2/15,,1679,0,11,340,,107,458,12,1,30,43,501,,No Report
United Kingdom of Great Britain and Northern Ireland,European Region of WHO,Northern Europe,2015,8,2015/2/16,2015/2/22,,1778,0,16,280,,127,423,13,0,32,45,468,,No Report
United Kingdom of Great Britain and Northern Ireland,European Region of WHO,Northern Europe,2015,9,2015/2/23,2015/3/1,,1524,0,9,134,,95,238,6,0,58,64,302,,No Report
United Kingdom of Great Britain and Northern Ireland,European Region of WHO,Northern Europe,2015,10,2015/3/2,2015/3/8,,1262,0,12,71,,60,143,1,0,58,59,202,,No Report
United Kingdom of Great Britain and Northern Ireland,European Region of WHO,Northern Europe,2015,11,2015/3/9,2015/3/15,,1217,0,13,76,,35,124,5,1,73,79,203,,No Report
United Kingdom of Great Britain and Northern Ireland,European Region of WHO,Northern Europe,2015,12,2015/3/16,2015/3/22,,1183,0,14,46,,25,85,32,4,80,116,201,,No Report
United Kingdom of Great Britain and Northern Ireland,European Region of WHO,Northern Europe,2015,13,2015/3/23,2015/3/29,,1120,0,6,36,,10,52,17,0,85,102,154,,No Report
United Kingdom of Great Britain and Northern Ireland,European Region of WHO,Northern Europe,2015,14,2015/3/30,2015/4/5,,1085,0,9,15,,14,38,23,3,90,116,154,,No Report
United Kingdom of Great Britain and Northern Ireland,European Region of WHO,Northern Europe,2015,15,2015/4/6,2015/4/12,,1080,0,3,10,,11,24,11,2,101,114,138,,No Report
United Kingdom of Great Britain and Northern Ireland,European Region of WHO,Northern Europe,2015,16,2015/4/13,2015/4/19,,1094,0,4,5,,7,16,30,0,107,137,153,,No Report
United Kingdom of Great Britain and Northern Ireland,European Region of WHO,Northern Europe,2015,17,2015/4/20,2015/4/26,,867,0,1,1,,3,5,0,0,80,80,85,,No Report
United Kingdom of Great Britain and Northern Ireland,European Region of WHO,Northern Europe,2015,18,2015/4/27,2015/5/3,,950,0,1,1,,4,6,0,0,47,47,53,,No Report
United Kingdom of Great Britain and Northern Ireland,European Region of WHO,Northern Europe,2015,19,2015/5/4,2015/5/10,,907,0,0,2,,1,3,0,0,48,48,51,,No Report
United Kingdom of Great Britain and Northern Ireland,European Region of WHO,Northern Europe,2015,20,2015/5/11,2015/5/17,,883,0,0,1,,2,3,0,0,40,40,43,,No Report
United Kingdom of Great Britain and Northern Ireland,European Region of WHO,Northern Europe,2015,21,2015/5/18,2015/5/24,,882,0,0,0,,0,0,0,0,48,48,48,,No Report
United Kingdom of Great Britain and Northern Ireland,European Region of WHO,Northern Europe,2015,22,2015/5/25,2015/5/31,,750,0,1,2,,1,4,0,0,29,29,33,,No Report
United Kingdom of Great Britain and Northern Ireland,European Region of WHO,Northern Europe,2015,23,2015/6/1,2015/6/7,,810,0,1,3,,0,4,0,0,18,18,22,,No Report
United Kingdom of Great Britain and Northern Ireland,European Region of WHO,Northern Europe,2015,24,2015/6/8,2015/6/14,,834,0,0,2,,2,4,0,0,26,26,30,,No Report
United Kingdom of Great Britain and Northern Ireland,European Region of WHO,Northern Europe,2015,25,2015/6/15,2015/6/21,,752,0,0,8,,0,8,0,0,11,11,19,,No Report
United Kingdom of Great Britain and Northern Ireland,European Region of WHO,Northern Europe,2015,26,2015/6/22,2015/6/28,,721,0,0,4,,1,5,0,0,6,6,11,,No Report
United Kingdom of Great Britain and Northern Ireland,European Region of WHO,Northern Europe,2015,27,2015/6/29,2015/7/5,,694,0,0,0,,4,4,0,0,4,4,8,,No Report
United Kingdom of Great Britain and Northern Ireland,European Region of WHO,Northern Europe,2015,28,2015/7/6,2015/7/12,,758,0,0,0,,1,1,0,0,3,3,4,,No Report
United Kingdom of Great Britain and Northern Ireland,European Region of WHO,Northern Europe,2015,29,2015/7/13,2015/7/19,,613,0,0,1,,1,2,0,0,3,3,5,,No Report
United Kingdom of Great Britain and Northern Ireland,European Region of WHO,Northern Europe,2015,30,2015/7/20,2015/7/26,,639,0,1,1,,1,3,0,0,2,2,5,,No Report
United Kingdom of Great Britain and Northern Ireland,European Region of WHO,Northern Europe,2015,31,2015/7/27,2015/8/2,,663,0,1,5,,2,8,0,0,0,0,8,,No Report
United Kingdom of Great Britain and Northern Ireland,European Region of WHO,Northern Europe,2015,32,2015/8/3,2015/8/9,,601,0,0,2,,1,3,0,0,2,2,5,,No Report
United Kingdom of Great Britain and Northern Ireland,European Region of WHO,Northern Europe,2015,33,2015/8/10,2015/8/16,,593,0,0,2,,1,3,0,0,4,4,7,,No Report
United Kingdom of Great Britain and Northern Ireland,European Region of WHO,Northern Europe,2015,34,2015/8/17,2015/8/23,,607,0,0,2,,1,3,0,0,1,1,4,,No Report
United Kingdom of Great Britain and Northern Ireland,European Region of WHO,Northern Europe,2015,35,2015/8/24,2015/8/30,,650,0,0,0,,0,0,0,0,1,1,1,,No Report
United Kingdom of Great Britain and Northern Ireland,European Region of WHO,Northern Europe,2015,36,2015/8/31,2015/9/6,,746,0,0,0,,2,2,0,0,0,0,2,,No Report
United Kingdom of Great Britain and Northern Ireland,European Region of WHO,Northern Europe,2015,37,2015/9/7,2015/9/13,,770,0,1,1,,0,2,0,0,1,1,3,,No Report
United Kingdom of Great Britain and Northern Ireland,European Region of WHO,Northern Europe,2015,38,2015/9/14,2015/9/20,,780,0,0,0,,2,2,0,0,1,1,3,,No Report
United Kingdom of Great Britain and Northern Ireland,European Region of WHO,Northern Europe,2015,39,2015/9/21,2015/9/27,,684,0,0,0,,2,2,0,0,0,0,2,,No Report
United Kingdom of Great Britain and Northern Ireland,European Region of WHO,Northern Europe,2015,40,2015/9/28,2015/10/4,,902,0,1,4,,5,10,0,0,9,9,19,,No Report
United Kingdom of Great Britain and Northern Ireland,European Region of WHO,Northern Europe,2015,41,2015/10/5,2015/10/11,,962,0,6,7,,21,34,0,1,7,8,42,,No Report
United Kingdom of Great Britain and Northern Ireland,European Region of WHO,Northern Europe,2015,42,2015/10/12,2015/10/18,,1008,0,7,2,,7,16,0,0,9,9,25,,No Report
United Kingdom of Great Britain and Northern Ireland,European Region of WHO,Northern Europe,2015,43,2015/10/19,2015/10/25,,1100,0,9,2,,7,18,0,0,5,5,23,,No Report
United Kingdom of Great Britain and Northern Ireland,European Region of WHO,Northern Europe,2015,44,2015/10/26,2015/11/1,,1099,0,4,3,,15,22,0,0,15,15,37,,No Report
United Kingdom of Great Britain and Northern Ireland,European Region of WHO,Northern Europe,2015,45,2015/11/2,2015/11/8,,1199,0,7,2,,18,27,0,0,8,8,35,,No Report
United Kingdom of Great Britain and Northern Ireland,European Region of WHO,Northern Europe,2015,46,2015/11/9,2015/11/15,,1089,0,3,2,,8,13,0,0,13,13,26,,No Report
United Kingdom of Great Britain and Northern Ireland,European Region of WHO,Northern Europe,2015,47,2015/11/16,2015/11/22,,1320,0,12,2,,13,27,0,1,9,10,37,,No Report
United Kingdom of Great Britain and Northern Ireland,European Region of WHO,Northern Europe,2015,48,2015/11/23,2015/11/29,,1401,0,13,2,,12,27,0,1,12,13,40,,No Report
United Kingdom of Great Britain and Northern Ireland,European Region of WHO,Northern Europe,2015,49,2015/11/30,2015/12/6,,1347,0,13,4,,26,43,0,1,17,18,61,,No Report
United Kingdom of Great Britain and Northern Ireland,European Region of WHO,Northern Europe,2015,50,2015/12/7,2015/12/13,,1428,0,33,1,,19,53,0,0,11,11,64,,No Report
United Kingdom of Great Britain and Northern Ireland,European Region of WHO,Northern Europe,2015,51,2015/12/14,2015/12/20,,1531,0,82,3,,71,156,0,0,11,11,167,,No Report
United Kingdom of Great Britain and Northern Ireland,European Region of WHO,Northern Europe,2015,52,2015/12/21,2015/12/27,,1279,0,97,0,,84,181,1,0,16,17,198,,No Report
United Kingdom of Great Britain and Northern Ireland,European Region of WHO,Northern Europe,2015,53,2015/12/28,2016/1/3,,1465,0,139,0,,112,251,1,0,25,26,277,,No Report
United Kingdom of Great Britain and Northern Ireland,European Region of WHO,Northern Europe,2016,1,2016/1/4,2016/1/10,,1746,0,225,5,,165,395,1,1,25,27,422,,No Report
United Kingdom of Great Britain and Northern Ireland,European Region of WHO,Northern Europe,2016,2,2016/1/11,2016/1/17,,1562,0,210,3,,161,374,0,0,32,32,406,,No Report
United Kingdom of Great Britain and Northern Ireland,European Region of WHO,Northern Europe,2016,3,2016/1/18,2016/1/24,,1793,0,305,5,,218,528,0,1,27,28,556,,No Report
United Kingdom of Great Britain and Northern Ireland,European Region of WHO,Northern Europe,2016,4,2016/1/25,2016/1/31,,1958,0,387,3,,391,781,0,0,49,49,830,,No Report
United Kingdom of Great Britain and Northern Ireland,European Region of WHO,Northern Europe,2016,5,2016/2/1,2016/2/7,,2158,0,390,43,,427,860,0,2,57,59,919,,No Report
United Kingdom of Great Britain and Northern Ireland,European Region of WHO,Northern Europe,2016,6,2016/2/8,2016/2/14,,2150,0,391,3,,434,828,1,6,83,90,918,,No Report
United Kingdom of Great Britain and Northern Ireland,European Region of WHO,Northern Europe,2016,7,2016/2/15,2016/2/21,,2103,0,402,1,,533,936,1,18,103,122,1058,,No Report
United Kingdom of Great Britain and Northern Ireland,European Region of WHO,Northern Europe,2016,8,2016/2/22,2016/2/28,,2121,0,381,4,,536,921,4,12,150,166,1087,,No Report
United Kingdom of Great Britain and Northern Ireland,European Region of WHO,Northern Europe,2016,9,2016/2/29,2016/3/6,,2284,0,343,6,,580,929,4,48,260,312,1241,,No Report
United Kingdom of Great Britain and Northern Ireland,European Region of WHO,Northern Europe,2016,10,2016/3/7,2016/3/13,,2273,0,344,9,,562,915,1,37,339,377,1292,,No Report
United Kingdom of Great Britain and Northern Ireland,European Region of WHO,Northern Europe,2016,11,2016/3/14,2016/3/20,,2185,0,305,9,,675,989,3,76,512,591,1580,,No Report
United Kingdom of Great Britain and Northern Ireland,European Region of WHO,Northern Europe,2016,12,2016/3/21,2016/3/27,,2035,0,204,8,,481,693,2,30,544,576,1269,,No Report
United Kingdom of Great Britain and Northern Ireland,European Region of WHO,Northern Europe,2016,13,2016/3/28,2016/4/3,,1945,0,148,6,,380,534,2,65,566,633,1167,,No Report
United Kingdom of Great Britain and Northern Ireland,European Region of WHO,Northern Europe,2016,14,2016/4/4,2016/4/10,,1571,0,70,2,,212,284,5,59,470,534,818,,No Report
United Kingdom of Great Britain and Northern Ireland,European Region of WHO,Northern Europe,2016,15,2016/4/11,2016/4/17,,1453,0,32,3,,173,208,1,22,378,401,609,,No Report
United Kingdom of Great Britain and Northern Ireland,European Region of WHO,Northern Europe,2016,16,2016/4/18,2016/4/24,,1387,0,23,6,,58,87,0,0,289,289,376,,No Report
United Kingdom of Great Britain and Northern Ireland,European Region of WHO,Northern Europe,2016,17,2016/4/25,2016/5/1,,1280,0,14,6,,69,89,0,0,206,206,295,,No Report
United Kingdom of Great Britain and Northern Ireland,European Region of WHO,Northern Europe,2016,18,2016/5/2,2016/5/8,,1293,0,16,1,,59,76,0,0,204,204,280,,No Report
United Kingdom of Great Britain and Northern Ireland,European Region of WHO,Northern Europe,2016,19,2016/5/9,2016/5/15,,1253,0,2,4,,43,49,0,0,150,150,199,,No Report
United Kingdom of Great Britain and Northern Ireland,European Region of WHO,Northern Europe,2016,20,2016/5/16,2016/5/22,,1230,0,3,6,,25,34,0,0,86,86,120,,No Report
United Kingdom of Great Britain and Northern Ireland,European Region of WHO,Northern Europe,2016,21,2016/5/23,2016/5/29,,1028,0,5,2,,6,13,0,0,51,51,64,,No Report
United Kingdom of Great Britain and Northern Ireland,European Region of WHO,Northern Europe,2016,22,2016/5/30,2016/6/5,,1087,0,0,1,,14,15,0,0,27,27,42,,No Report
United Kingdom of Great Britain and Northern Ireland,European Region of WHO,Northern Europe,2016,23,2016/6/6,2016/6/12,,1098,0,1,4,,1,6,0,0,5,5,11,,No Report
United Kingdom of Great Britain and Northern Ireland,European Region of WHO,Northern Europe,2016,24,2016/6/13,2016/6/19,,906,0,0,1,,0,1,0,0,4,4,5,,No Report
United Kingdom of Great Britain and Northern Ireland,European Region of WHO,Northern Europe,2016,25,2016/6/20,2016/6/26,,991,0,0,1,,0,1,0,0,3,3,4,,No Report
United Kingdom of Great Britain and Northern Ireland,European Region of WHO,Northern Europe,2016,26,2016/6/27,2016/7/3,,1006,0,3,1,,1,5,0,0,2,2,7,,No Report
United Kingdom of Great Britain and Northern Ireland,European Region of WHO,Northern Europe,2016,27,2016/7/4,2016/7/10,,1020,0,1,4,,0,5,0,0,3,3,8,,No Report
United Kingdom of Great Britain and Northern Ireland,European Region of WHO,Northern Europe,2016,28,2016/7/11,2016/7/17,,1048,0,2,1,,0,3,0,0,1,1,4,,No Report
United Kingdom of Great Britain and Northern Ireland,European Region of WHO,Northern Europe,2016,29,2016/7/18,2016/7/24,,956,0,0,2,,2,4,0,0,3,3,7,,No Report
United Kingdom of Great Britain and Northern Ireland,European Region of WHO,Northern Europe,2016,30,2016/7/25,2016/7/31,,893,0,1,7,,1,9,0,0,2,2,11,,No Report
United Kingdom of Great Britain and Northern Ireland,European Region of WHO,Northern Europe,2016,31,2016/8/1,2016/8/7,,821,0,2,6,,2,10,0,0,0,0,10,,No Report
United Kingdom of Great Britain and Northern Ireland,European Region of WHO,Northern Europe,2016,32,2016/8/8,2016/8/14,,868,0,0,4,,7,11,0,0,0,0,11,,No Report
United Kingdom of Great Britain and Northern Ireland,European Region of WHO,Northern Europe,2016,33,2016/8/15,2016/8/21,,804,0,1,3,,8,12,0,0,1,1,13,,No Report
United Kingdom of Great Britain and Northern Ireland,European Region of WHO,Northern Europe,2016,34,2016/8/22,2016/8/28,,876,0,0,2,,2,4,0,0,0,0,4,,No Report
United Kingdom of Great Britain and Northern Ireland,European Region of WHO,Northern Europe,2016,35,2016/8/29,2016/9/4,,843,0,1,2,,1,4,0,0,1,1,5,,No Report
United Kingdom of Great Britain and Northern Ireland,European Region of WHO,Northern Europe,2016,36,2016/9/5,2016/9/11,,880,0,0,3,,2,5,0,0,0,0,5,,No Report
United Kingdom of Great Britain and Northern Ireland,European Region of WHO,Northern Europe,2016,37,2016/9/12,2016/9/18,,946,0,1,4,,1,6,0,0,2,2,8,,No Report
United Kingdom of Great Britain and Northern Ireland,European Region of WHO,Northern Europe,2016,38,2016/9/19,2016/9/25,,994,0,0,3,,0,3,0,0,0,0,3,,No Report
United Kingdom of Great Britain and Northern Ireland,European Region of WHO,Northern Europe,2016,39,2016/9/26,2016/10/2,,959,0,0,2,,5,7,0,0,2,2,9,,No Report
United Kingdom of Great Britain and Northern Ireland,European Region of WHO,Northern Europe,2016,40,2016/10/3,2016/10/9,,1252,0,4,6,,8,18,1,0,8,9,27,,No Report
United Kingdom of Great Britain and Northern Ireland,European Region of WHO,Northern Europe,2016,41,2016/10/10,2016/10/16,,1353,0,1,4,,8,13,0,0,2,2,15,,No Report
United Kingdom of Great Britain and Northern Ireland,European Region of WHO,Northern Europe,2016,42,2016/10/17,2016/10/23,,1376,0,0,7,,13,20,0,0,5,5,25,,No Report
United Kingdom of Great Britain and Northern Ireland,European Region of WHO,Northern Europe,2016,43,2016/10/24,2016/10/30,,1316,0,0,7,,8,15,0,0,2,2,17,,No Report
United Kingdom of Great Britain and Northern Ireland,European Region of WHO,Northern Europe,2016,44,2016/10/31,2016/11/6,,1473,0,0,13,,16,29,1,1,8,10,39,,No Report
United Kingdom of Great Britain and Northern Ireland,European Region of WHO,Northern Europe,2016,45,2016/11/7,2016/11/13,,1644,0,0,14,,20,34,0,0,5,5,39,,No Report
United Kingdom of Great Britain and Northern Ireland,European Region of WHO,Northern Europe,2016,46,2016/11/14,2016/11/20,,1690,0,2,28,,43,73,0,0,6,6,79,,No Report
United Kingdom of Great Britain and Northern Ireland,European Region of WHO,Northern Europe,2016,47,2016/11/21,2016/11/27,,1679,0,2,28,,33,63,2,0,7,9,72,,No Report
United Kingdom of Great Britain and Northern Ireland,European Region of WHO,Northern Europe,2016,48,2016/11/28,2016/12/4,,1708,0,0,58,,72,130,2,0,6,8,138,,No Report
United Kingdom of Great Britain and Northern Ireland,European Region of WHO,Northern Europe,2016,49,2016/12/5,2016/12/11,,1873,0,0,130,,141,271,2,0,11,13,284,,No Report
United Kingdom of Great Britain and Northern Ireland,European Region of WHO,Northern Europe,2016,50,2016/12/12,2016/12/18,,1874,0,3,175,,251,429,3,0,15,18,447,,No Report
United Kingdom of Great Britain and Northern Ireland,European Region of WHO,Northern Europe,2016,51,2016/12/19,2016/12/25,,2112,0,4,279,,428,711,2,0,22,24,735,,No Report
United Kingdom of Great Britain and Northern Ireland,European Region of WHO,Northern Europe,2016,52,2016/12/26,2017/1/1,,2211,0,0,381,,494,875,7,0,39,46,921,,No Report
United Kingdom of Great Britain and Northern Ireland,European Region of WHO,Northern Europe,2017,1,2017/1/2,2017/1/8,,2322,0,3,421,,750,1174,8,0,32,40,1214,,No Report
United Kingdom of Great Britain and Northern Ireland,European Region of WHO,Northern Europe,2017,2,2017/1/9,2017/1/15,,2725,0,0,447,,1006,1453,10,1,44,55,1508,,No Report
United Kingdom of Great Britain and Northern Ireland,European Region of WHO,Northern Europe,2017,3,2017/1/16,2017/1/22,,2308,0,1,377,,784,1162,13,0,39,52,1214,,No Report
United Kingdom of Great Britain and Northern Ireland,European Region of WHO,Northern Europe,2017,4,2017/1/23,2017/1/29,,2076,0,0,297,,849,1146,19,0,56,75,1221,,No Report
United Kingdom of Great Britain and Northern Ireland,European Region of WHO,Northern Europe,2017,5,2017/1/30,2017/2/5,,2220,0,1,307,,856,1164,11,0,67,78,1242,,No Report
United Kingdom of Great Britain and Northern Ireland,European Region of WHO,Northern Europe,2017,6,2017/2/6,2017/2/12,,2037,0,1,266,,623,890,10,0,47,57,947,,No Report
United Kingdom of Great Britain and Northern Ireland,European Region of WHO,Northern Europe,2017,7,2017/2/13,2017/2/19,,1992,0,0,240,,425,665,8,0,65,73,738,,No Report
United Kingdom of Great Britain and Northern Ireland,European Region of WHO,Northern Europe,2017,8,2017/2/20,2017/2/26,,1906,0,2,173,,456,631,21,0,69,90,721,,No Report
United Kingdom of Great Britain and Northern Ireland,European Region of WHO,Northern Europe,2017,9,2017/2/27,2017/3/5,,1814,0,0,126,,349,475,26,0,67,93,568,,No Report
United Kingdom of Great Britain and Northern Ireland,European Region of WHO,Northern Europe,2017,10,2017/3/6,2017/3/12,,1745,0,2,92,,162,256,18,0,105,123,379,,No Report
United Kingdom of Great Britain and Northern Ireland,European Region of WHO,Northern Europe,2017,11,2017/3/13,2017/3/19,,1907,0,0,82,,106,188,25,1,107,133,321,,No Report
United Kingdom of Great Britain and Northern Ireland,European Region of WHO,Northern Europe,2017,12,2017/3/20,2017/3/26,,1746,0,2,55,,87,144,24,0,111,135,279,,No Report
United Kingdom of Great Britain and Northern Ireland,European Region of WHO,Northern Europe,2017,13,2017/3/27,2017/4/2,,1881,0,0,57,,60,117,3,0,161,164,281,,No Report
United Kingdom of Great Britain and Northern Ireland,European Region of WHO,Northern Europe,2017,14,2017/4/3,2017/4/9,,1708,0,0,28,,47,75,24,7,130,161,236,,No Report
United Kingdom of Great Britain and Northern Ireland,European Region of WHO,Northern Europe,2017,15,2017/4/10,2017/4/16,,1448,0,1,11,,29,41,25,0,115,140,181,,No Report
United Kingdom of Great Britain and Northern Ireland,European Region of WHO,Northern Europe,2017,16,2017/4/17,2017/4/23,,1433,0,0,12,,22,34,28,0,125,153,187,,No Report
United Kingdom of Great Britain and Northern Ireland,European Region of WHO,Northern Europe,2017,17,2017/4/24,2017/4/30,,1444,0,0,14,,21,35,30,0,132,162,197,,No Report
United Kingdom of Great Britain and Northern Ireland,European Region of WHO,Northern Europe,2017,18,2017/5/1,2017/5/7,,1426,0,1,18,,17,36,20,0,140,160,196,,No Report
United Kingdom of Great Britain and Northern Ireland,European Region of WHO,Northern Europe,2017,19,2017/5/8,2017/5/14,,1563,0,2,10,,23,35,14,0,172,186,221,,No Report
United Kingdom of Great Britain and Northern Ireland,European Region of WHO,Northern Europe,2017,20,2017/5/15,2017/5/21,,1493,0,0,9,,24,33,0,0,122,122,155,,No Report
United Kingdom of Great Britain and Northern Ireland,European Region of WHO,Northern Europe,2017,21,2017/5/22,2017/5/28,,1285,0,0,2,,5,7,0,0,50,50,57,,No Report
United Kingdom of Great Britain and Northern Ireland,European Region of WHO,Northern Europe,2017,22,2017/5/29,2017/6/4,,992,0,0,3,,7,10,0,0,33,33,43,,No Report
United Kingdom of Great Britain and Northern Ireland,European Region of WHO,Northern Europe,2017,23,2017/6/5,2017/6/11,,268,0,0,0,,0,0,0,0,1,1,1,,No Report
United Kingdom of Great Britain and Northern Ireland,European Region of WHO,Northern Europe,2017,24,2017/6/12,2017/6/18,,262,0,0,1,,0,1,0,0,2,2,3,,No Report
United Kingdom of Great Britain and Northern Ireland,European Region of WHO,Northern Europe,2017,25,2017/6/19,2017/6/25,,290,0,0,2,,0,2,0,0,2,2,4,,No Report
United Kingdom of Great Britain and Northern Ireland,European Region of WHO,Northern Europe,2017,26,2017/6/26,2017/7/2,,254,0,0,1,,1,2,0,0,0,0,2,,No Report
United Kingdom of Great Britain and Northern Ireland,European Region of WHO,Northern Europe,2017,27,2017/7/3,2017/7/9,,269,0,0,1,,1,2,0,0,4,4,6,,No Report
United Kingdom of Great Britain and Northern Ireland,European Region of WHO,Northern Europe,2017,28,2017/7/10,2017/7/16,,222,0,0,0,,1,1,0,0,0,0,1,,No Report
United Kingdom of Great Britain and Northern Ireland,European Region of WHO,Northern Europe,2017,29,2017/7/17,2017/7/23,,263,0,0,1,,0,1,0,0,0,0,1,,No Report
United Kingdom of Great Britain and Northern Ireland,European Region of WHO,Northern Europe,2017,30,2017/7/24,2017/7/30,,259,0,0,2,,1,3,0,0,0,0,3,,No Report
United Kingdom of Great Britain and Northern Ireland,European Region of WHO,Northern Europe,2017,31,2017/7/31,2017/8/6,,232,0,0,2,,0,2,0,0,0,0,2,,No Report
United Kingdom of Great Britain and Northern Ireland,European Region of WHO,Northern Europe,2017,32,2017/8/7,2017/8/13,,231,0,0,0,,0,0,0,0,1,1,1,,No Report
United Kingdom of Great Britain and Northern Ireland,European Region of WHO,Northern Europe,2017,33,2017/8/14,2017/8/20,,240,0,0,3,,0,3,0,0,0,0,3,,No Report
United Kingdom of Great Britain and Northern Ireland,European Region of WHO,Northern Europe,2017,34,2017/8/21,2017/8/27,,236,0,0,2,,2,4,0,0,0,0,4,,No Report
United Kingdom of Great Britain and Northern Ireland,European Region of WHO,Northern Europe,2017,35,2017/8/28,2017/9/3,,219,0,0,3,,0,3,0,0,0,0,3,,No Report
United Kingdom of Great Britain and Northern Ireland,European Region of WHO,Northern Europe,2017,36,2017/9/4,2017/9/10,,240,0,1,1,,1,3,0,0,0,0,3,,No Report
United Kingdom of Great Britain and Northern Ireland,European Region of WHO,Northern Europe,2017,37,2017/9/11,2017/9/17,,279,0,1,3,,0,4,0,0,0,0,4,,No Report
United Kingdom of Great Britain and Northern Ireland,European Region of WHO,Northern Europe,2017,38,2017/9/18,2017/9/24,,313,0,0,0,,0,0,0,0,0,0,0,,No Report
United Kingdom of Great Britain and Northern Ireland,European Region of WHO,Northern Europe,2017,39,2017/9/25,2017/10/1,,308,0,0,0,,2,2,0,0,1,1,3,,No Report
United Kingdom of Great Britain and Northern Ireland,European Region of WHO,Northern Europe,2017,40,2017/10/2,2017/10/8,,1284,0,5,14,,31,50,0,0,14,14,64,,No Report
United Kingdom of Great Britain and Northern Ireland,European Region of WHO,Northern Europe,2017,41,2017/10/9,2017/10/15,,1452,0,2,15,,25,42,1,1,21,23,65,,No Report
United Kingdom of Great Britain and Northern Ireland,European Region of WHO,Northern Europe,2017,42,2017/10/16,2017/10/22,,1452,0,0,16,,16,32,4,1,18,23,55,,No Report
United Kingdom of Great Britain and Northern Ireland,European Region of WHO,Northern Europe,2017,43,2017/10/23,2017/10/29,,1483,0,0,10,,20,30,1,0,7,8,38,,No Report
United Kingdom of Great Britain and Northern Ireland,European Region of WHO,Northern Europe,2017,44,2017/10/30,2017/11/5,,1490,0,1,10,,26,37,1,0,12,13,50,,No Report
United Kingdom of Great Britain and Northern Ireland,European Region of WHO,Northern Europe,2017,45,2017/11/6,2017/11/12,,1649,0,3,21,,26,50,6,0,27,33,83,,No Report
United Kingdom of Great Britain and Northern Ireland,European Region of WHO,Northern Europe,2017,46,2017/11/13,2017/11/19,,1856,0,4,49,,34,87,8,1,37,46,133,,No Report
United Kingdom of Great Britain and Northern Ireland,European Region of WHO,Northern Europe,2017,47,2017/11/20,2017/11/26,,2083,0,6,79,,59,144,9,0,50,59,203,,No Report
United Kingdom of Great Britain and Northern Ireland,European Region of WHO,Northern Europe,2017,48,2017/11/27,2017/12/3,,2031,0,8,103,,78,189,6,0,45,51,240,,No Report
United Kingdom of Great Britain and Northern Ireland,European Region of WHO,Northern Europe,2017,49,2017/12/4,2017/12/10,,2322,0,22,209,,158,389,2,0,108,110,499,,No Report
United Kingdom of Great Britain and Northern Ireland,European Region of WHO,Northern Europe,2017,50,2017/12/11,2017/12/17,,2873,0,20,431,,286,737,6,0,210,216,953,,No Report
United Kingdom of Great Britain and Northern Ireland,European Region of WHO,Northern Europe,2017,51,2017/12/18,2017/12/24,,3815,0,42,856,,683,1581,19,0,610,629,2210,,No Report
United Kingdom of Great Britain and Northern Ireland,European Region of WHO,Northern Europe,2017,52,2017/12/25,2017/12/31,,4000,0,38,824,,947,1809,21,0,946,967,2776,,No Report
United Kingdom of Great Britain and Northern Ireland,European Region of WHO,Northern Europe,2018,1,2018/1/1,2018/1/7,,4750,0,47,832,,1348,2227,44,0,1587,1631,3858,,No Report
United Kingdom of Great Britain and Northern Ireland,European Region of WHO,Northern Europe,2018,2,2018/1/8,2018/1/14,,4870,0,56,700,,1301,2057,45,1,2004,2050,4107,,No Report
United Kingdom of Great Britain and Northern Ireland,European Region of WHO,Northern Europe,2018,3,2018/1/15,2018/1/21,,4329,0,87,503,,1109,1699,47,0,2046,2093,3792,,No Report
United Kingdom of Great Britain and Northern Ireland,European Region of WHO,Northern Europe,2018,4,2018/1/22,2018/1/28,,3632,0,77,379,,1099,1555,50,0,2002,2052,3607,,No Report
United Kingdom of Great Britain and Northern Ireland,European Region of WHO,Northern Europe,2018,5,2018/1/29,2018/2/4,,2966,0,50,271,,1061,1382,43,0,1744,1787,3169,,No Report
United Kingdom of Great Britain and Northern Ireland,European Region of WHO,Northern Europe,2018,6,2018/2/5,2018/2/11,,2606,0,31,232,,855,1118,47,0,1498,1545,2663,,No Report
United Kingdom of Great Britain and Northern Ireland,European Region of WHO,Northern Europe,2018,7,2018/2/12,2018/2/18,,2577,0,143,243,,989,1375,7,0,1428,1435,2810,,No Report
United Kingdom of Great Britain and Northern Ireland,European Region of WHO,Northern Europe,2018,8,2018/2/19,2018/2/25,,2313,0,35,264,,1325,1624,51,0,1669,1720,3344,,No Report
United Kingdom of Great Britain and Northern Ireland,European Region of WHO,Northern Europe,2018,9,2018/2/26,2018/3/4,,2102,0,35,207,,934,1176,34,0,1174,1208,2384,,No Report
United Kingdom of Great Britain and Northern Ireland,European Region of WHO,Northern Europe,2018,10,2018/3/5,2018/3/11,,1878,0,21,133,,1195,1349,39,0,1249,1288,2637,,No Report
United Kingdom of Great Britain and Northern Ireland,European Region of WHO,Northern Europe,2018,11,2018/3/12,2018/3/18,,1833,0,39,129,,1025,1193,0,0,961,961,2154,,No Report
United Kingdom of Great Britain and Northern Ireland,European Region of WHO,Northern Europe,2018,12,2018/3/19,2018/3/25,,1732,0,34,124,,926,1084,0,0,641,641,1725,,No Report
United Kingdom of Great Britain and Northern Ireland,European Region of WHO,Northern Europe,2018,13,2018/3/26,2018/4/1,,1639,0,19,100,,733,852,0,0,469,469,1321,,No Report
United Kingdom of Great Britain and Northern Ireland,European Region of WHO,Northern Europe,2018,14,2018/4/2,2018/4/8,,1483,0,23,90,,665,778,0,0,357,357,1135,,No Report
United Kingdom of Great Britain and Northern Ireland,European Region of WHO,Northern Europe,2018,15,2018/4/9,2018/4/15,,1466,0,18,80,,471,569,0,0,240,240,809,,No Report
United Kingdom of Great Britain and Northern Ireland,European Region of WHO,Northern Europe,2018,16,2018/4/16,2018/4/22,,1225,0,7,41,,224,272,0,0,130,130,402,,No Report
United Kingdom of Great Britain and Northern Ireland,European Region of WHO,Northern Europe,2018,17,2018/4/23,2018/4/29,,1152,0,3,17,,82,102,0,0,68,68,170,,No Report
United Kingdom of Great Britain and Northern Ireland,European Region of WHO,Northern Europe,2018,18,2018/4/30,2018/5/6,,1033,0,4,13,,59,76,0,0,25,25,101,,No Report
United Kingdom of Great Britain and Northern Ireland,European Region of WHO,Northern Europe,2018,19,2018/5/7,2018/5/13,,1037,0,3,11,,44,58,0,0,28,28,86,,No Report
United Kingdom of Great Britain and Northern Ireland,European Region of WHO,Northern Europe,2018,20,2018/5/14,2018/5/20,,1003,0,0,8,,33,41,0,0,23,23,64,,No Report
United Kingdom of Great Britain and Northern Ireland,European Region of WHO,Northern Europe,2018,21,2018/5/21,2018/5/27,,901,0,2,1,,3,6,0,0,5,5,11,,No Report
United Kingdom of Great Britain and Northern Ireland,European Region of WHO,Northern Europe,2018,22,2018/5/28,2018/6/3,,1008,0,2,2,,2,6,2,0,4,6,12,,No Report
United Kingdom of Great Britain and Northern Ireland,European Region of WHO,Northern Europe,2018,23,2018/6/4,2018/6/10,,946,0,0,5,,0,5,0,0,2,2,7,,No Report
United Kingdom of Great Britain and Northern Ireland,European Region of WHO,Northern Europe,2018,24,2018/6/11,2018/6/17,,848,0,1,1,,3,5,1,0,1,2,7,,No Report
United Kingdom of Great Britain and Northern Ireland,European Region of WHO,Northern Europe,2018,25,2018/6/18,2018/6/24,,1125,0,0,1,,1,2,0,0,0,0,2,,No Report
United Kingdom of Great Britain and Northern Ireland,European Region of WHO,Northern Europe,2018,26,2018/6/25,2018/7/1,,872,0,2,0,,0,2,0,0,0,0,2,,No Report
United Kingdom of Great Britain and Northern Ireland,European Region of WHO,Northern Europe,2018,27,2018/7/2,2018/7/8,,726,0,2,0,,0,2,0,0,0,0,2,,No Report
United Kingdom of Great Britain and Northern Ireland,European Region of WHO,Northern Europe,2018,28,2018/7/9,2018/7/15,,690,0,2,0,,1,3,0,0,0,0,3,,No Report
United Kingdom of Great Britain and Northern Ireland,European Region of WHO,Northern Europe,2018,29,2018/7/16,2018/7/22,,698,0,1,1,,1,3,0,0,1,1,4,,No Report
United Kingdom of Great Britain and Northern Ireland,European Region of WHO,Northern Europe,2018,30,2018/7/23,2018/7/29,,688,0,0,0,,0,0,0,0,0,0,0,,No Report
United Kingdom of Great Britain and Northern Ireland,European Region of WHO,Northern Europe,2018,31,2018/7/30,2018/8/5,,640,0,0,1,,1,2,0,0,2,2,4,,No Report
United Kingdom of Great Britain and Northern Ireland,European Region of WHO,Northern Europe,2018,32,2018/8/6,2018/8/12,,645,0,0,0,,2,2,0,0,0,0,2,,No Report
United Kingdom of Great Britain and Northern Ireland,European Region of WHO,Northern Europe,2018,33,2018/8/13,2018/8/19,,648,0,0,0,,0,0,0,0,0,0,0,,No Report
United Kingdom of Great Britain and Northern Ireland,European Region of WHO,Northern Europe,2018,34,2018/8/20,2018/8/26,,717,0,0,2,,1,3,0,0,0,0,3,,No Report
United Kingdom of Great Britain and Northern Ireland,European Region of WHO,Northern Europe,2018,35,2018/8/27,2018/9/2,,805,0,4,1,,0,5,0,0,0,0,5,,No Report
United Kingdom of Great Britain and Northern Ireland,European Region of WHO,Northern Europe,2018,36,2018/9/3,2018/9/9,,916,0,5,1,,2,8,0,0,0,0,8,,No Report
United Kingdom of Great Britain and Northern Ireland,European Region of WHO,Northern Europe,2018,37,2018/9/10,2018/9/16,,900,0,3,0,,1,4,0,0,2,2,6,,No Report
United Kingdom of Great Britain and Northern Ireland,European Region of WHO,Northern Europe,2018,38,2018/9/17,2018/9/23,,964,0,2,1,,1,4,0,0,2,2,6,,No Report
United Kingdom of Great Britain and Northern Ireland,European Region of WHO,Northern Europe,2018,39,2018/9/24,2018/9/30,,799,0,0,1,,1,2,0,0,0,0,2,,No Report
United Kingdom of Great Britain and Northern Ireland,European Region of WHO,Northern Europe,2018,40,2018/10/1,2018/10/7,,1141,0,3,2,,13,18,0,0,11,11,29,,No Report
United Kingdom of Great Britain and Northern Ireland,European Region of WHO,Northern Europe,2018,41,2018/10/8,2018/10/14,,1162,0,3,1,,19,23,0,0,1,1,24,,No Report
United Kingdom of Great Britain and Northern Ireland,European Region of WHO,Northern Europe,2018,42,2018/10/15,2018/10/21,,1214,0,5,5,,17,27,0,0,13,13,40,,No Report
United Kingdom of Great Britain and Northern Ireland,European Region of WHO,Northern Europe,2018,43,2018/10/22,2018/10/28,,1196,0,22,2,,30,54,0,0,9,9,63,,No Report
United Kingdom of Great Britain and Northern Ireland,European Region of WHO,Northern Europe,2018,44,2018/10/29,2018/11/4,,1273,0,36,3,,43,82,0,0,13,13,95,,No Report
United Kingdom of Great Britain and Northern Ireland,European Region of WHO,Northern Europe,2018,45,2018/11/5,2018/11/11,,1598,0,31,5,,71,107,0,0,15,15,122,,No Report
United Kingdom of Great Britain and Northern Ireland,European Region of WHO,Northern Europe,2018,46,2018/11/12,2018/11/18,,1586,0,32,8,,82,122,0,0,15,15,137,,No Report
United Kingdom of Great Britain and Northern Ireland,European Region of WHO,Northern Europe,2018,47,2018/11/19,2018/11/25,,1590,0,36,1,,84,121,0,0,17,17,138,,No Report
United Kingdom of Great Britain and Northern Ireland,European Region of WHO,Northern Europe,2018,48,2018/11/26,2018/12/2,,1852,0,69,5,,150,224,0,0,19,19,243,,No Report
United Kingdom of Great Britain and Northern Ireland,European Region of WHO,Northern Europe,2018,49,2018/12/3,2018/12/9,,1902,0,91,11,,190,292,0,0,10,10,302,,No Report
United Kingdom of Great Britain and Northern Ireland,European Region of WHO,Northern Europe,2018,50,2018/12/10,2018/12/16,,1841,0,119,6,,258,383,0,0,20,20,403,,No Report
United Kingdom of Great Britain and Northern Ireland,European Region of WHO,Northern Europe,2018,51,2018/12/17,2018/12/23,,2115,0,269,13,,544,826,0,0,20,20,846,,No Report
United Kingdom of Great Britain and Northern Ireland,European Region of WHO,Northern Europe,2018,52,2018/12/24,2018/12/30,,2201,0,402,20,,817,1239,0,0,15,15,1254,,No Report
United Kingdom of Great Britain and Northern Ireland,European Region of WHO,Northern Europe,2019,1,2018/12/31,2019/1/6,,2550,0,489,25,,1451,1965,0,0,22,22,1987,,No Report
United Kingdom of Great Britain and Northern Ireland,European Region of WHO,Northern Europe,2019,2,2019/1/7,2019/1/13,,2960,0,627,46,,2067,2740,0,0,42,42,2782,,No Report
United Kingdom of Great Britain and Northern Ireland,European Region of WHO,Northern Europe,2019,3,2019/1/14,2019/1/20,,2839,0,569,76,,1979,2624,0,0,31,31,2655,,No Report
United Kingdom of Great Britain and Northern Ireland,European Region of WHO,Northern Europe,2019,4,2019/1/21,2019/1/27,,2704,0,584,68,,2378,3030,0,0,29,29,3059,,No Report
United Kingdom of Great Britain and Northern Ireland,European Region of WHO,Northern Europe,2019,5,2019/1/28,2019/2/3,,2896,0,705,188,,2687,3580,0,0,43,43,3623,,No Report
United Kingdom of Great Britain and Northern Ireland,European Region of WHO,Northern Europe,2019,6,2019/2/4,2019/2/10,,3064,0,883,171,,2961,4015,0,0,19,19,4034,,No Report
United Kingdom of Great Britain and Northern Ireland,European Region of WHO,Northern Europe,2019,7,2019/2/11,2019/2/17,,2921,0,629,195,,3061,3885,0,0,38,38,3923,,No Report
United Kingdom of Great Britain and Northern Ireland,European Region of WHO,Northern Europe,2019,8,2019/2/18,2019/2/24,,2587,0,407,173,,2167,2747,0,0,24,24,2771,,No Report
United Kingdom of Great Britain and Northern Ireland,European Region of WHO,Northern Europe,2019,9,2019/2/25,2019/3/3,,1975,0,182,126,,1390,1698,0,0,21,21,1719,,No Report
United Kingdom of Great Britain and Northern Ireland,European Region of WHO,Northern Europe,2019,10,2019/3/4,2019/3/10,,1889,0,130,120,,940,1190,0,0,15,15,1205,,No Report
United Kingdom of Great Britain and Northern Ireland,European Region of WHO,Northern Europe,2019,11,2019/3/11,2019/3/17,,1624,0,87,108,,695,890,0,0,10,10,900,,No Report
United Kingdom of Great Britain and Northern Ireland,European Region of WHO,Northern Europe,2019,12,2019/3/18,2019/3/24,,1594,0,59,119,,719,897,0,0,12,12,909,,No Report
United Kingdom of Great Britain and Northern Ireland,European Region of WHO,Northern Europe,2019,13,2019/3/25,2019/3/31,,1414,0,26,93,,501,620,0,0,19,19,639,,No Report
United Kingdom of Great Britain and Northern Ireland,European Region of WHO,Northern Europe,2019,14,2019/4/1,2019/4/7,,1584,0,19,152,,431,602,0,0,19,19,621,,No Report
United Kingdom of Great Britain and Northern Ireland,European Region of WHO,Northern Europe,2019,15,2019/4/8,2019/4/14,,1486,0,14,111,,435,560,0,0,15,15,575,,No Report
United Kingdom of Great Britain and Northern Ireland,European Region of WHO,Northern Europe,2019,16,2019/4/15,2019/4/21,,1262,0,5,66,,336,407,0,0,9,9,416,,No Report
United Kingdom of Great Britain and Northern Ireland,European Region of WHO,Northern Europe,2019,17,2019/4/22,2019/4/28,,1192,0,4,56,,331,391,0,0,15,15,406,,No Report
United Kingdom of Great Britain and Northern Ireland,European Region of WHO,Northern Europe,2019,18,2019/4/29,2019/5/5,,1083,0,3,34,,193,230,0,0,14,14,244,,No Report
United Kingdom of Great Britain and Northern Ireland,European Region of WHO,Northern Europe,2019,19,2019/5/6,2019/5/12,,1013,0,0,27,,88,115,0,0,7,7,122,,No Report
United Kingdom of Great Britain and Northern Ireland,European Region of WHO,Northern Europe,2019,20,2019/5/13,2019/5/19,,1031,0,0,31,,94,125,0,0,12,12,137,,No Report
United Kingdom of Great Britain and Northern Ireland,European Region of WHO,Northern Europe,2019,21,2019/5/20,2019/5/26,,1086,0,0,29,,5,34,0,0,1,1,35,,No Report
United Kingdom of Great Britain and Northern Ireland,European Region of WHO,Northern Europe,2019,22,2019/5/27,2019/6/2,,961,0,1,10,,6,17,0,0,1,1,18,,No Report
United Kingdom of Great Britain and Northern Ireland,European Region of WHO,Northern Europe,2019,23,2019/6/3,2019/6/9,,1035,0,4,5,,8,17,0,0,0,0,17,,No Report
United Kingdom of Great Britain and Northern Ireland,European Region of WHO,Northern Europe,2019,24,2019/6/10,2019/6/16,,993,0,11,13,,4,28,0,0,2,2,30,,No Report
United Kingdom of Great Britain and Northern Ireland,European Region of WHO,Northern Europe,2019,25,2019/6/17,2019/6/23,,980,0,2,6,,3,11,0,0,2,2,13,,No Report
United Kingdom of Great Britain and Northern Ireland,European Region of WHO,Northern Europe,2019,26,2019/6/24,2019/6/30,,893,0,2,6,,4,12,0,0,4,4,16,,No Report
United Kingdom of Great Britain and Northern Ireland,European Region of WHO,Northern Europe,2019,27,2019/7/1,2019/7/7,,761,0,0,8,,3,11,0,0,0,0,11,,No Report
United Kingdom of Great Britain and Northern Ireland,European Region of WHO,Northern Europe,2019,28,2019/7/8,2019/7/14,,787,0,5,3,,3,11,0,0,2,2,13,,No Report
United Kingdom of Great Britain and Northern Ireland,European Region of WHO,Northern Europe,2019,29,2019/7/15,2019/7/21,,797,0,3,2,,1,6,0,0,3,3,9,,No Report
United Kingdom of Great Britain and Northern Ireland,European Region of WHO,Northern Europe,2019,30,2019/7/22,2019/7/28,,704,0,0,8,,0,8,0,0,1,1,9,,No Report
United Kingdom of Great Britain and Northern Ireland,European Region of WHO,Northern Europe,2019,31,2019/7/29,2019/8/4,,625,0,0,12,,4,16,0,0,0,0,16,,No Report
United Kingdom of Great Britain and Northern Ireland,European Region of WHO,Northern Europe,2019,32,2019/8/5,2019/8/11,,641,0,0,11,,3,14,0,0,2,2,16,,No Report
United Kingdom of Great Britain and Northern Ireland,European Region of WHO,Northern Europe,2019,33,2019/8/12,2019/8/18,,714,0,1,15,,2,18,0,0,2,2,20,,No Report
United Kingdom of Great Britain and Northern Ireland,European Region of WHO,Northern Europe,2019,34,2019/8/19,2019/8/25,,653,0,1,13,,2,16,0,0,3,3,19,,No Report
United Kingdom of Great Britain and Northern Ireland,European Region of WHO,Northern Europe,2019,35,2019/8/26,2019/9/1,,700,0,0,11,,2,13,0,0,1,1,14,,No Report
United Kingdom of Great Britain and Northern Ireland,European Region of WHO,Northern Europe,2019,36,2019/9/2,2019/9/8,,842,0,1,11,,1,13,0,0,2,2,15,,No Report
United Kingdom of Great Britain and Northern Ireland,European Region of WHO,Northern Europe,2019,37,2019/9/9,2019/9/15,,965,0,0,25,,1,26,0,0,3,3,29,,No Report
United Kingdom of Great Britain and Northern Ireland,European Region of WHO,Northern Europe,2019,38,2019/9/16,2019/9/22,,1036,0,0,22,,2,24,0,0,4,4,28,,No Report
United Kingdom of Great Britain and Northern Ireland,European Region of WHO,Northern Europe,2019,39,2019/9/23,2019/9/29,,915,0,1,14,,6,21,0,0,4,4,25,,No Report
United Kingdom of Great Britain and Northern Ireland,European Region of WHO,Northern Europe,2019,40,2019/9/30,2019/10/6,,1152,0,4,29,,61,94,0,0,19,19,113,,No Report
United Kingdom of Great Britain and Northern Ireland,European Region of WHO,Northern Europe,2019,41,2019/10/7,2019/10/13,,1389,0,8,19,,91,118,0,0,25,25,143,,No Report
United Kingdom of Great Britain and Northern Ireland,European Region of WHO,Northern Europe,2019,42,2019/10/14,2019/10/20,,1357,0,5,33,,83,121,0,0,37,37,158,,No Report
United Kingdom of Great Britain and Northern Ireland,European Region of WHO,Northern Europe,2019,43,2019/10/21,2019/10/27,,1602,0,9,33,,155,197,0,0,31,31,228,,No Report
United Kingdom of Great Britain and Northern Ireland,European Region of WHO,Northern Europe,2019,44,2019/10/28,2019/11/3,,1709,0,9,64,,216,289,0,0,39,39,328,,No Report
United Kingdom of Great Britain and Northern Ireland,European Region of WHO,Northern Europe,2019,45,2019/11/4,2019/11/10,,1849,0,16,77,,184,277,0,0,21,21,298,,No Report
United Kingdom of Great Britain and Northern Ireland,European Region of WHO,Northern Europe,2019,46,2019/11/11,2019/11/17,,1917,0,15,107,,265,387,0,0,25,25,412,,No Report
United Kingdom of Great Britain and Northern Ireland,European Region of WHO,Northern Europe,2019,47,2019/11/18,2019/11/24,,2329,0,22,364,,593,979,0,0,41,41,1020,,No Report
United Kingdom of Great Britain and Northern Ireland,European Region of WHO,Northern Europe,2019,48,2019/11/25,2019/12/1,,2692,0,29,536,,1199,1764,0,0,56,56,1820,,No Report
United Kingdom of Great Britain and Northern Ireland,European Region of WHO,Northern Europe,2019,49,2019/12/2,2019/12/8,,3001,0,42,767,,213,1022,0,0,15,15,1037,,No Report
United Kingdom of Great Britain and Northern Ireland,European Region of WHO,Northern Europe,2019,50,2019/12/9,2019/12/15,,3314,0,40,823,,309,1172,0,0,20,20,1192,,No Report
United Kingdom of Great Britain and Northern Ireland,European Region of WHO,Northern Europe,2019,51,2019/12/16,2019/12/22,,3854,0,69,881,,424,1374,0,0,25,25,1399,,No Report
United Kingdom of Great Britain and Northern Ireland,European Region of WHO,Northern Europe,2019,52,2019/12/23,2019/12/29,,3155,0,71,660,,474,1205,0,0,14,14,1219,,No Report
United Kingdom of Great Britain and Northern Ireland,European Region of WHO,Northern Europe,2020,1,2019/12/30,2020/1/5,,3407,0,99,508,,2801,3408,0,0,150,150,3558,,No Report
United Kingdom of Great Britain and Northern Ireland,European Region of WHO,Northern Europe,2020,2,2020/1/6,2020/1/12,,2954,0,109,266,,1735,2110,0,0,184,184,2294,,No Report
United Kingdom of Great Britain and Northern Ireland,European Region of WHO,Northern Europe,2020,3,2020/1/13,2020/1/19,,2383,0,79,111,,923,1113,0,0,154,154,1267,,No Report
United Kingdom of Great Britain and Northern Ireland,European Region of WHO,Northern Europe,2020,4,2020/1/20,2020/1/26,,2135,0,56,97,,552,705,0,0,131,131,836,,No Report
United Kingdom of Great Britain and Northern Ireland,European Region of WHO,Northern Europe,2020,5,2020/1/27,2020/2/2,,2183,0,77,50,,514,641,0,0,180,180,821,,No Report
United Kingdom of Great Britain and Northern Ireland,European Region of WHO,Northern Europe,2020,6,2020/2/3,2020/2/9,,2161,0,88,40,,423,551,0,0,188,188,739,,No Report
United Kingdom of Great Britain and Northern Ireland,European Region of WHO,Northern Europe,2020,7,2020/2/10,2020/2/16,,2264,0,81,32,,405,518,0,0,201,201,719,,No Report
United Kingdom of Great Britain and Northern Ireland,European Region of WHO,Northern Europe,2020,8,2020/2/17,2020/2/23,,2010,0,57,41,,372,470,0,0,237,237,707,,No Report
United Kingdom of Great Britain and Northern Ireland,European Region of WHO,Northern Europe,2020,9,2020/2/24,2020/3/1,,2666,0,82,15,,374,471,0,0,280,280,751,,No Report
United Kingdom of Great Britain and Northern Ireland,European Region of WHO,Northern Europe,2020,10,2020/3/2,2020/3/8,,3028,0,85,16,,330,431,0,0,374,374,805,,No Report
United Kingdom of Great Britain and Northern Ireland,European Region of WHO,Northern Europe,2020,11,2020/3/9,2020/3/15,,5161,0,110,29,,266,405,0,0,291,291,696,,No Report
United Kingdom of Great Britain and Northern Ireland,European Region of WHO,Northern Europe,2020,12,2020/3/16,2020/3/22,,2661,0,47,1,,248,296,0,0,206,206,502,,No Report
United Kingdom of Great Britain and Northern Ireland,European Region of WHO,Northern Europe,2020,13,2020/3/23,2020/3/29,,1874,0,6,3,,80,89,0,0,87,87,176,,No Report
United Kingdom of Great Britain and Northern Ireland,European Region of WHO,Northern Europe,2020,14,2020/3/30,2020/4/5,,1646,0,2,2,,50,54,0,0,31,31,85,,No Report
United Kingdom of Great Britain and Northern Ireland,European Region of WHO,Northern Europe,2020,15,2020/4/6,2020/4/12,,1209,0,1,0,,17,18,0,0,11,11,29,,No Report
United Kingdom of Great Britain and Northern Ireland,European Region of WHO,Northern Europe,2020,16,2020/4/13,2020/4/19,,1042,0,1,0,,1,2,0,0,6,6,8,,No Report
United Kingdom of Great Britain and Northern Ireland,European Region of WHO,Northern Europe,2020,17,2020/4/20,2020/4/26,,1136,0,0,3,,9,12,0,0,14,14,26,,No Report
United Kingdom of Great Britain and Northern Ireland,European Region of WHO,Northern Europe,2020,18,2020/4/27,2020/5/3,,1245,0,0,1,,1,2,0,0,1,1,3,,No Report
United Kingdom of Great Britain and Northern Ireland,European Region of WHO,Northern Europe,2020,19,2020/5/4,2020/5/10,,1124,0,0,0,,0,0,0,0,0,0,0,,No Report
United Kingdom of Great Britain and Northern Ireland,European Region of WHO,Northern Europe,2020,20,2020/5/11,2020/5/17,,992,0,0,0,,0,0,0,0,1,1,1,,No Report
United Kingdom of Great Britain and Northern Ireland,European Region of WHO,Northern Europe,2020,21,2020/5/18,2020/5/24,,910,0,0,0,,0,0,0,0,0,0,0,,No Report
United Kingdom of Great Britain and Northern Ireland,European Region of WHO,Northern Europe,2020,22,2020/5/25,2020/5/31,,899,0,0,0,,0,0,0,0,1,1,1,,No Report
United Kingdom of Great Britain and Northern Ireland,European Region of WHO,Northern Europe,2020,23,2020/6/1,2020/6/7,,827,0,0,1,,1,2,0,0,0,0,2,,No Report
United Kingdom of Great Britain and Northern Ireland,European Region of WHO,Northern Europe,2020,24,2020/6/8,2020/6/14,,858,0,0,0,,0,0,0,0,0,0,0,,No Report
United Kingdom of Great Britain and Northern Ireland,European Region of WHO,Northern Europe,2020,25,2020/6/15,2020/6/21,,784,0,0,0,,0,0,0,0,0,0,0,,No Report
United Kingdom of Great Britain and Northern Ireland,European Region of WHO,Northern Europe,2020,26,2020/6/22,2020/6/28,,850,0,0,0,,0,0,0,0,0,0,0,,No Report
United Kingdom of Great Britain and Northern Ireland,European Region of WHO,Northern Europe,2020,27,2020/6/29,2020/7/5,,787,0,0,0,,1,1,0,0,0,0,1,,No Report
United Kingdom of Great Britain and Northern Ireland,European Region of WHO,Northern Europe,2020,28,2020/7/6,2020/7/12,,833,0,0,0,,0,0,0,0,0,0,0,,No Report
United Kingdom of Great Britain and Northern Ireland,European Region of WHO,Northern Europe,2020,29,2020/7/13,2020/7/19,,770,0,1,0,,0,1,0,0,1,1,2,,No Report
United Kingdom of Great Britain and Northern Ireland,European Region of WHO,Northern Europe,2020,30,2020/7/20,2020/7/26,,717,0,0,0,,0,0,0,0,0,0,0,,No Report
United Kingdom of Great Britain and Northern Ireland,European Region of WHO,Northern Europe,2020,31,2020/7/27,2020/8/2,,753,0,0,0,,0,0,0,0,0,0,0,,No Report
United Kingdom of Great Britain and Northern Ireland,European Region of WHO,Northern Europe,2020,32,2020/8/3,2020/8/9,,726,0,0,0,,1,1,0,0,1,1,2,,No Report
United Kingdom of Great Britain and Northern Ireland,European Region of WHO,Northern Europe,2020,33,2020/8/10,2020/8/16,,656,0,1,0,,0,1,0,0,0,0,1,,No Report
United Kingdom of Great Britain and Northern Ireland,European Region of WHO,Northern Europe,2020,34,2020/8/17,2020/8/23,,785,0,1,0,,0,1,0,0,0,0,1,,No Report
United Kingdom of Great Britain and Northern Ireland,European Region of WHO,Northern Europe,2020,35,2020/8/24,2020/8/30,,837,0,0,0,,0,0,0,0,2,2,2,,No Report
United Kingdom of Great Britain and Northern Ireland,European Region of WHO,Northern Europe,2020,36,2020/8/31,2020/9/6,,832,0,0,0,,0,0,0,0,1,1,1,,No Report
United Kingdom of Great Britain and Northern Ireland,European Region of WHO,Northern Europe,2020,37,2020/9/7,2020/9/13,,807,0,0,1,,5,6,0,0,2,2,8,,No Report
United Kingdom of Great Britain and Northern Ireland,European Region of WHO,Northern Europe,2020,38,2020/9/14,2020/9/20,,725,0,0,0,,1,1,0,0,1,1,2,,No Report
United Kingdom of Great Britain and Northern Ireland,European Region of WHO,Northern Europe,2020,39,2020/9/21,2020/9/27,,127,0,0,0,,0,0,0,0,0,0,0,,No Report
United Kingdom of Great Britain and Northern Ireland,European Region of WHO,Northern Europe,2020,40,2020/9/28,2020/10/4,,907,0,0,3,,3,6,0,0,2,2,8,,No Report
